score,NumberOfInstances,NumberOfFeatures,NumberOfClasses,PercentageOfNumericAtts,PercentageOfNominalAtts,PercentageOfBinaryAtts,PercentageOfMissingValues,ClassEntropy,MeanMutualInformation,MeanAttributeEntropy,MeanSkewnessOfNumericAtts,MeanKurtosisOfNumericAtts,MeanStdDevOfNumericAtts,NumberOfInstancesWithMissingValues,Dimensionality,EquivalentNumberOfAtts,IncompleteInstanceCount,MajorityClassSize,MinorityClassSize,MaxNominalAttDistinctValues,MeanNominalAttDistinctValues,MeanMeansOfNumericAtts,NegativePercentage,PositivePercentage,NoiseToSignalRatio
0.608000000000000,250,51,2,0.9803921568627451,0.0,0.0,0.0,0.9866165198488093,-1.0,-1.0,0.06961304001482689,-1.109259790784458,1.000000029821892,0,0.204,-1.0,0.0,142,108,-1.0,-1.0,0.000000000960000,0.568,0.432,-1.0
0.420000000000000,50,6,2,0.8333333333333334,0.0,0.0,0.0,0.9814538950336535,-1.0,-1.0,0.4646509761994776,0.5375919766348944,177.0972170079437,0,0.12,-1.0,0.0,29,21,-1.0,-1.0,1193.9519999999998,0.58,0.42,-1.0
0.660000000000000,100,11,2,0.9090909090909091,0.0,0.0,0.0,0.9974015885677396,-1.0,-1.0,0.16051091512670806,-0.8200092262933476,1.0000000145340315,0,0.11,-1.0,0.0,53,47,-1.0,-1.0,-0.000000004000000,0.53,0.47,-1.0
0.652000000000000,250,51,2,0.9803921568627451,0.0,0.0,0.0,0.9933418121880535,-1.0,-1.0,0.010236064433803444,-1.1625709359223988,1.0000000304980015,0,0.204,-1.0,0.0,137,113,-1.0,-1.0,0.000000004640000,0.548,0.452,-1.0
0.590000000000000,100,51,2,0.9803921568627451,0.0,0.0,0.0,0.9895875212220557,-1.0,-1.0,0.02440518619093768,-1.176143266385588,1.0000000299377378,0,0.51,-1.0,0.0,56,44,-1.0,-1.0,0.000000000600000,0.56,0.44,-1.0
0.712000000000000,250,11,2,0.9090909090909091,0.0,0.0,0.0,1.0,-1.0,-1.0,-0.015403719801648636,-1.1600449129839832,1.0000000284482324,0,0.044,-1.0,0.0,125,125,-1.0,-1.0,0.000000005600000,0.5,0.5,-1.0
0.822949000000000,5473,11,2,0.9090909090909091,0.0,0.0,0.0,0.4763084842226657,-1.0,-1.0,14.706075957300332,652.1125952501005,840.2336192978366,0,0.0020098666179426275,-1.0,0.0,4913,560,-1.0,-1.0,253.32758631463548,0.8976795176320117,0.10232048236798831,-1.0
0.700000000000000,100,11,2,0.9090909090909091,0.0,0.0,0.0,0.9927744539878084,-1.0,-1.0,0.16544457093264225,-0.9641451771818208,1.0000000221508745,0,0.11,-1.0,0.0,55,45,-1.0,-1.0,0.000000018000000,0.55,0.45,-1.0
0.582500000000000,2000,65,2,0.9846153846153847,0.0,0.0,0.0,0.4689955935892812,-1.0,-1.0,-0.004281374704381228,-0.05001503462658649,2.152662833010542,0,0.0325,-1.0,0.0,1800,200,-1.0,-1.0,0.05308473857031248,0.9,0.1,-1.0
0.654000000000000,500,6,2,0.8333333333333334,0.0,0.0,0.0,0.9966619137320385,-1.0,-1.0,0.002074369181510621,-1.0876917564476085,1.000000024496334,0,0.012,-1.0,0.0,267,233,-1.0,-1.0,-0.000000004800000,0.534,0.466,-1.0
0.626000000000000,500,51,2,0.9803921568627451,0.0,0.0,0.0,0.9983373765218819,-1.0,-1.0,-0.007365396962511575,-1.1835143440754374,1.000000029396174,0,0.102,-1.0,0.0,262,238,-1.0,-1.0,-0.000000002360000,0.524,0.476,-1.0
0.986705000000000,2407,300,2,0.98,0.016666666666666666,0.016666666666666666,0.0,0.6780187068738636,0.046978981782873505,0.6751729963437599,1.68854140818818,8.162058039292281,0.18116487987168994,0,0.12463647694225176,14.432384039473579,0.0,1976,431,2.0,2.0,0.3082685141028576,0.8209389281262983,0.1790610718737017,13.37180991840693
0.257683000000000,846,19,2,0.9473684210526315,0.0,0.0,0.0,0.8232301496857752,-1.0,-1.0,1.0391153696663842,5.106058167159452,22.770839172096306,0,0.022458628841607566,-1.0,0.0,628,218,-1.0,-1.0,117.63494877856581,0.7423167848699763,0.2576832151300236,-1.0
0.957929000000000,937,50,2,0.96,0.02,0.02,0.0,0.2592588744223089,-1.0,-1.0,3.8069635552847974,51.33127600163301,80381.39979306066,0,0.05336179295624333,-1.0,0.0,896,41,2.0,2.0,16438.827012406615,0.9562433297758804,0.04375667022411953,-1.0
0.660000000000000,100,26,2,0.9615384615384616,0.0,0.0,0.0,0.9953784388202258,-1.0,-1.0,0.1250684109423155,-1.0121701300423251,1.0000000283948036,0,0.26,-1.0,0.0,54,46,-1.0,-1.0,-0.000000002400000,0.54,0.46,-1.0
0.730000000000000,500,11,2,0.9090909090909091,0.0,0.0,0.0,0.9849900098451574,-1.0,-1.0,0.11146832051996347,-1.008860987407503,1.000000031468994,0,0.022,-1.0,0.0,286,214,-1.0,-1.0,0.000000006000000,0.572,0.428,-1.0
0.892429000000000,2417,117,2,0.8803418803418803,0.1111111111111111,0.1111111111111111,0.0,0.1066848655670195,0.004886365704430819,0.7614434265986261,0.3457067139037209,1.392601706713173,0.09850493765817377,0,0.04840711625982623,21.8331725499548,0.0,2383,34,2.0,2.0,0.000061751441047,0.9859329747621017,0.01406702523789822,154.83021670035268
0.644860000000000,214,10,2,0.9,0.0,0.0,0.0,0.9385750889380637,-1.0,-1.0,1.637149580167514,9.591523632020476,0.6895407776406541,0,0.04672897196261682,-1.0,0.0,138,76,-1.0,-1.0,11.26585160955348,0.6448598130841121,0.35514018691588783,-1.0
0.415493000000000,284,11,2,0.9090909090909091,0.0,0.0,0.0,1.0,-1.0,-1.0,4.542072959608047,43.013565131902524,980.6944656834725,0,0.03873239436619718,-1.0,0.0,142,142,-1.0,-1.0,538.5440140845071,0.5,0.5,-1.0
0.366412000000000,131,4,2,0.75,0.0,0.0,0.0,0.9478774073663798,-1.0,-1.0,1.5310290210980793,4.657711402809749,14.38634029930352,0,0.030534351145038167,-1.0,0.0,83,48,-1.0,-1.0,23.586926208651402,0.6335877862595419,0.366412213740458,-1.0
0.483333000000000,60,16,2,0.9375,0.0,0.0,0.0,0.9991983542636398,-1.0,-1.0,1.0382487996330128,4.72252121204151,114.0914159117611,0,0.26666666666666666,-1.0,0.0,31,29,-1.0,-1.0,291.34598888888894,0.5166666666666667,0.48333333333333334,-1.0
0.730000000000000,500,6,2,0.8333333333333334,0.0,0.0,0.0,0.9999884584088952,-1.0,-1.0,0.01369532684354099,-1.2176814035306331,1.0000000300060514,0,0.012,-1.0,0.0,251,249,-1.0,-1.0,-0.000000000400000,0.502,0.498,-1.0
0.720000000000000,100,26,2,0.9615384615384616,0.0,0.0,0.0,1.0,-1.0,-1.0,-0.01650917576196869,-1.1726704864930588,1.0000000266134816,0,0.26,-1.0,0.0,50,50,-1.0,-1.0,-0.000000001200000,0.5,0.5,-1.0
0.728000000000000,500,51,2,0.9803921568627451,0.0,0.0,0.0,0.9995844639313987,-1.0,-1.0,0.007951035261574719,-1.1923104122771213,1.0000000311380095,0,0.102,-1.0,0.0,256,244,-1.0,-1.0,0.000000000960000,0.512,0.488,-1.0
0.502000000000000,500,8,2,0.875,0.0,0.0,0.0,0.9999884584088952,-1.0,-1.0,-0.11779390987299174,0.45126296179550895,14.932101989140966,0,0.016,-1.0,0.0,251,249,-1.0,-1.0,24.353844274285713,0.502,0.498,-1.0
0.393443000000000,61,3,2,0.3333333333333333,0.3333333333333333,0.3333333333333333,0.0,0.9982545693874832,0.07009594143199266,0.747394446244039,0.05127328929235196,-0.030424962717045645,65.41168492395059,0,0.04918032786885246,14.241260606450282,0.0,32,29,2.0,2.0,574.7540983606557,0.5245901639344263,0.47540983606557374,9.66244965079988
0.708000000000000,250,26,2,0.9615384615384616,0.0,0.0,0.0,0.999953833266239,-1.0,-1.0,-0.018463151067900245,-1.2265425430810868,1.000000032246184,0,0.104,-1.0,0.0,126,124,-1.0,-1.0,0.000000008800000,0.504,0.496,-1.0
0.710000000000000,100,26,2,0.9615384615384616,0.0,0.0,0.0,0.9858150371789198,-1.0,-1.0,0.002965854150813484,-1.1505062009787947,1.0000000310584394,0,0.26,-1.0,0.0,57,43,-1.0,-1.0,0.000000002800000,0.57,0.43,-1.0
0.942925000000000,841,71,2,0.9859154929577465,0.0,0.0,0.0,0.9558465023124381,-1.0,-1.0,1.1120512151150734,2.3316539512158543,5.3565260839463535,0,0.08442330558858502,-1.0,0.0,524,317,-1.0,-1.0,10.12524205877357,0.6230677764565993,0.3769322235434007,-1.0
0.648000000000000,500,26,2,0.9615384615384616,0.0,0.0,0.0,0.9966619137320385,-1.0,-1.0,0.00556101877783185,-1.1870806520059793,1.0000000313988382,0,0.052,-1.0,0.0,267,233,-1.0,-1.0,0.000000001200000,0.534,0.466,-1.0
0.335910000000000,9961,15,2,0.9333333333333333,0.0,0.0,0.0,0.6391484789513524,-1.0,-1.0,0.10981464634341344,-0.03806676602022337,1.7055517441171655,0,0.0015058729043268748,-1.0,0.0,8347,1614,-1.0,-1.0,2.0532722924190057,0.8379680754944283,0.16203192450557172,-1.0
0.574468000000000,47,8,2,0.875,0.0,0.0,0.0,0.9839393951635756,-1.0,-1.0,0.48708856821674484,0.3872474438620073,407.44051648408373,0,0.1702127659574468,-1.0,0.0,27,20,-1.0,-1.0,1552.9990881458966,0.574468085106383,0.425531914893617,-1.0
0.646000000000000,500,6,2,0.8333333333333334,0.0,0.0,0.0,0.9980485963165613,-1.0,-1.0,0.4196184078572614,-0.27080516147455447,1.000000031962736,0,0.012,-1.0,0.0,263,237,-1.0,-1.0,-0.000000002800000,0.526,0.474,-1.0
0.624000000000000,250,11,2,0.9090909090909091,0.0,0.0,0.0,0.9970433402104208,-1.0,-1.0,0.29644272510072744,-0.561540333181706,1.000000022763301,0,0.044,-1.0,0.0,133,117,-1.0,-1.0,-0.000000002800000,0.532,0.468,-1.0
0.850480000000000,1458,38,2,0.9736842105263158,0.0,0.0,0.0,0.5353247216329435,-1.0,-1.0,6.4414341091666945,104.64911622340055,1837.829066966851,0,0.02606310013717421,-1.0,0.0,1280,178,-1.0,-1.0,583.4640334779231,0.877914951989026,0.12208504801097393,-1.0
0.651515000000000,66,6,2,0.8333333333333334,0.0,0.0,0.0,1.0,-1.0,-1.0,-0.7277773844812289,8.382742312054893,68.41311524942833,0,0.09090909090909091,-1.0,0.0,33,33,-1.0,-1.0,28.97860606060607,0.5,0.5,-1.0
0.610000000000000,500,26,2,0.9615384615384616,0.0,0.0,0.0,0.9895875212220557,-1.0,-1.0,0.0975189327393359,-0.9611066691045019,1.0000000307290118,0,0.052,-1.0,0.0,280,220,-1.0,-1.0,0.000000004720000,0.56,0.44,-1.0
0.572327000000000,159,16,2,0.9375,0.0,0.0,0.0,0.9244571409964927,-1.0,-1.0,0.619504073252627,0.8624066076836766,72.2423463098677,0,0.10062893081761007,-1.0,0.0,105,54,-1.0,-1.0,558.4927966457022,0.660377358490566,0.33962264150943394,-1.0
0.981673000000000,5620,65,2,0.9846153846153847,0.0,0.0,0.0,0.4746107857650241,-1.0,-1.0,5.2789568064143015,163.11074461233656,3.686292464928633,0,0.011565836298932384,-1.0,0.0,5048,572,-1.0,-1.0,4.911243327402134,0.898220640569395,0.10177935943060498,-1.0
0.590000000000000,100,11,2,0.9090909090909091,0.0,0.0,0.0,0.9709505944546686,-1.0,-1.0,0.16541397885237424,-0.9191748716528938,1.000000030150772,0,0.11,-1.0,0.0,60,40,-1.0,-1.0,-0.000000010000000,0.6,0.4,-1.0
0.634000000000000,500,26,2,0.9615384615384616,0.0,0.0,0.0,0.9660780975952254,-1.0,-1.0,0.02724295204770298,-1.1138480475905441,1.000000030918195,0,0.052,-1.0,0.0,304,196,-1.0,-1.0,-0.000000000800000,0.608,0.392,-1.0
0.511111000000000,45,47,2,0.9787234042553191,0.0,0.0,0.0,0.9996437496778561,-1.0,-1.0,0.16640166352988023,0.7993147845178261,0.2053862975486572,0,1.0444444444444445,-1.0,0.0,23,22,-1.0,-1.0,2.992231884057969,0.5111111111111111,0.4888888888888889,-1.0
0.495977000000000,3107,7,2,0.8571428571428571,0.0,0.0,0.0,0.9999532967890263,-1.0,-1.0,0.03344908396843799,1.9523936351855606,1912616.011722741,0,0.002252977148374638,-1.0,0.0,1566,1541,-1.0,-1.0,-15273134.720528873000000,0.5040231734792404,0.4959768265207596,-1.0
0.462963000000000,108,8,2,0.75,0.125,0.125,0.0,0.876716288999464,0.0,1.0,1.1978593491692262,2.284374634675347,10.805081312212065,0,0.07407407407407407,-1.0,0.0,76,32,2.0,2.0,18.125740740740742,0.7037037037037037,0.2962962962962963,-1.0
0.580000000000000,200,8,2,0.625,0.25,0.25,0.0,1.0,-0.000000000000002,1.0,-0.02655262761257416,-0.6678046229672896,7.105337176854112,0,0.04,-1.0,0.0,100,100,2.0,2.0,24.4683,0.5,0.5,-1.0
0.978872000000000,9466,39,2,0.9743589743589743,0.0,0.0,0.0,0.061481432634126504,-1.0,-1.0,17.766312719290674,826.0015459323877,12709.178607947384,0,0.004120008451299387,-1.0,0.0,9398,68,-1.0,-1.0,360.55809570539736,0.9928163955208114,0.007183604479188675,-1.0
0.467448000000000,6574,15,2,0.9333333333333333,0.0,0.0,0.0,0.9969402925875559,-1.0,-1.0,0.4863065865357254,-0.031204834965227603,4.987560362512572,0,0.0022817158503194404,-1.0,0.0,3501,3073,-1.0,-1.0,14.206659242035714,0.5325524794645573,0.46744752053544264,-1.0
0.551852000000000,270,14,2,0.9285714285714286,0.0,0.0,0.0,0.9910760598382222,-1.0,-1.0,0.4238004011667773,0.07943588302125536,8.43921680434283,0,0.05185185185185185,-1.0,0.0,150,120,-1.0,-1.0,46.03603988603989,0.5555555555555556,0.4444444444444444,-1.0
0.818182000000000,267,23,2,0.0,0.9565217391304348,0.9565217391304348,0.0,0.7337524087989603,0.04310410784111874,0.8636629313475084,0.0,0.0,0.0,0,0.08614232209737828,17.022795402785356,0.0,212,55,2.0,2.0,0.0,0.7940074906367042,0.20599250936329588,19.03667340780977
0.736842000000000,38,6,2,0.6666666666666666,0.16666666666666666,0.16666666666666666,0.0,0.8314743880097293,0.01176963937970954,0.7424875695421236,1.8453386497690265,4.478683513748564,5277878.916901365,0,0.15789473684210525,70.64569789990023,0.0,28,10,2.0,2.0,6518650.785657895,0.7368421052631579,0.2631578947368421,62.08498889287526
0.644860000000000,214,10,2,0.9,0.0,0.0,0.0,0.9385750889380637,-1.0,-1.0,1.6371495802439369,9.591523632530711,0.6895407776402088,0,0.04672897196261682,-1.0,0.0,138,76,-1.0,-1.0,11.265851609553483,0.6448598130841121,0.35514018691588783,-1.0
0.585034000000000,147,7,2,0.2857142857142857,0.5714285714285714,0.5714285714285714,0.0,0.997294381646235,0.012897446509031019,0.9010961443783572,-0.7597310657771967,-0.3933448029485216,10.662273057401102,0,0.047619047619047616,77.32494807773864,0.0,78,69,2.0,2.0,42.40816326530612,0.5306122448979592,0.46938775510204084,68.86624396909836
0.502500000000000,400,8,2,0.875,0.0,0.0,0.0,0.9991161687869752,-1.0,-1.0,-0.1030213642414777,1.1735338566621591,0.107329801246703,0,0.02,-1.0,0.0,207,193,-1.0,-1.0,4.239122750000001,0.5175,0.4825,-1.0
0.471074000000000,121,30,2,0.9666666666666667,0.0,0.0,0.0,0.38206095394044187,-1.0,-1.0,2.210987489429479,7.601930005532723,232.2809081868085,0,0.24793388429752067,-1.0,0.0,112,9,-1.0,-1.0,119.61401823881448,0.9256198347107438,0.0743801652892562,-1.0
0.497500000000000,400,8,2,0.875,0.0,0.0,0.0,0.9993506898146105,-1.0,-1.0,0.9999616508631323,3.324198435836915,4.703498309377982,0,0.02,-1.0,0.0,206,194,-1.0,-1.0,18.12909178571429,0.515,0.485,-1.0
0.858333000000000,240,125,2,0.992,0.0,0.0,0.0,0.9837082626231857,-1.0,-1.0,0.6928686182759719,0.9633532003837927,0.8045251579282158,0,0.5208333333333334,-1.0,0.0,138,102,-1.0,-1.0,3.2390570725134418,0.575,0.425,-1.0
0.490937000000000,662,4,2,0.75,0.0,0.0,0.0,0.9998946537430287,-1.0,-1.0,0.11512512786271833,0.025581520910622935,8.96184283979156,0,0.006042296072507553,-1.0,0.0,335,327,-1.0,-1.0,23.480946991440074,0.5060422960725075,0.49395770392749244,-1.0
0.722000000000000,500,6,2,0.8333333333333334,0.0,0.0,0.0,0.9732424074349137,-1.0,-1.0,0.13354201838595045,-0.9317103429466351,1.0000000209789988,0,0.012,-1.0,0.0,298,202,-1.0,-1.0,-0.000000000000000,0.596,0.404,-1.0
0.680000000000000,100,51,2,0.9803921568627451,0.0,0.0,0.0,0.9997114417528099,-1.0,-1.0,0.009948726077454274,-1.2024883233498154,1.0000000331964511,0,0.51,-1.0,0.0,51,49,-1.0,-1.0,0.000000004400000,0.51,0.49,-1.0
0.697674000000000,43,3,2,0.6666666666666666,0.0,0.0,0.0,0.9681647320759548,-1.0,-1.0,-0.7052532847537358,-0.2478559991864988,5.572809599157852,0,0.06976744186046512,-1.0,0.0,26,17,-1.0,-1.0,0.44186046511627897,0.6046511627906976,0.3953488372093023,-1.0
0.700000000000000,100,6,2,0.8333333333333334,0.0,0.0,0.0,0.9709505944546686,-1.0,-1.0,0.2442824162736076,-0.6695145848530314,1.0000000267531335,0,0.06,-1.0,0.0,60,40,-1.0,-1.0,-0.000000010000000,0.6,0.4,-1.0
0.797297000000000,74,28,2,0.9642857142857143,0.0,0.0,0.0,0.9809470132751208,-1.0,-1.0,1.8996304167583655,5.113856207761562,0.1902077408925307,0,0.3783783783783784,-1.0,0.0,43,31,-1.0,-1.0,0.2437012012012012,0.581081081081081,0.4189189189189189,-1.0
0.747698000000000,4562,49,2,0.9795918367346939,0.0,0.0,0.0,0.8083116159412278,-1.0,-1.0,7.149790618957081,257.727526739514,14.345589094667098,0,0.010740903112669882,-1.0,0.0,3430,1132,-1.0,-1.0,34.15561522723951,0.7518632178868917,0.24813678211310827,-1.0
0.528926000000000,2178,4,2,0.75,0.0,0.0,0.0,0.9912232530606148,-1.0,-1.0,0.8205801809578491,3.0452513298257693,88.62965349379142,0,0.0018365472910927456,-1.0,0.0,1209,969,-1.0,-1.0,45.74559840832564,0.5550964187327824,0.44490358126721763,-1.0
0.999000000000000,2000,77,2,0.987012987012987,0.0,0.0,0.0,0.4689955935892812,-1.0,-1.0,0.5441560780239841,0.11415272536037342,0.0671079517858679,0,0.0385,-1.0,0.0,1800,200,-1.0,-1.0,0.13203208900657895,0.9,0.1,-1.0
0.676000000000000,250,6,2,0.8333333333333334,0.0,0.0,0.0,1.0,-1.0,-1.0,-0.06509312744625091,-1.1689978406260484,1.0000000303371173,0,0.024,-1.0,0.0,125,125,-1.0,-1.0,0.000000000000000,0.5,0.5,-1.0
0.676624000000000,2109,22,2,0.9545454545454546,0.0,0.0,0.0,0.6211733422333798,-1.0,-1.0,4.199192192649318,31.75859178519757,915.4550143765124,0,0.010431484115694643,-1.0,0.0,1783,326,-1.0,-1.0,285.09691661586464,0.8454243717401612,0.15457562825983878,-1.0
0.596206000000000,369,9,2,0.8888888888888888,0.0,0.0,0.0,0.9919270464052614,-1.0,-1.0,4.37861663107913,38.07973780641913,105.35189952725992,0,0.024390243902439025,-1.0,0.0,204,165,-1.0,-1.0,60.00237127371274,0.5528455284552846,0.44715447154471544,-1.0
0.413793000000000,87,11,2,0.7272727272727273,0.18181818181818182,0.18181818181818182,0.0,0.9784493292686189,0.000307695809699,0.9063701886077911,-0.3014772212526262,0.25501367852364026,1.2246613916865001,0,0.12643678160919541,3179.9241277476854,0.0,51,36,2.0,2.0,58.56526293103448,0.5862068965517241,0.41379310344827586,2944.669586773126
0.604000000000000,500,51,2,0.9803921568627451,0.0,0.0,0.0,0.9977366703420346,-1.0,-1.0,0.056926794388713765,-1.1006834315242258,1.000000031040111,0,0.102,-1.0,0.0,264,236,-1.0,-1.0,-0.000000000480000,0.528,0.472,-1.0
0.340996000000000,522,22,2,0.9545454545454546,0.0,0.0,0.0,0.7317786193052257,-1.0,-1.0,8.918790242374346,128.60145273619898,5875.7295879411795,0,0.0421455938697318,-1.0,0.0,415,107,-1.0,-1.0,977.8936991424922,0.7950191570881227,0.2049808429118774,-1.0
0.452055000000000,73,6,2,0.8333333333333334,0.0,0.0,0.0,0.9933570282728468,-1.0,-1.0,0.45884729143438757,0.12778789833480425,0.8182155280932809,0,0.0821917808219178,-1.0,0.0,40,33,-1.0,-1.0,1.9064607424657538,0.547945205479452,0.4520547945205479,-1.0
0.489691000000000,194,33,2,0.9696969696969697,0.0,0.0,0.0,0.9962401135461776,-1.0,-1.0,1.1276435518624925,2.700645211516135,33.359889640936245,0,0.17010309278350516,-1.0,0.0,104,90,-1.0,-1.0,87.54843573083117,0.5360824742268041,0.4639175257731959,-1.0
0.660000000000000,100,26,2,0.9615384615384616,0.0,0.0,0.0,0.9974015885677396,-1.0,-1.0,-0.04243850593209163,-1.141419608102166,1.0000000236735123,0,0.26,-1.0,0.0,53,47,-1.0,-1.0,-0.000000000800000,0.53,0.47,-1.0
0.718841000000000,690,15,2,0.8666666666666667,0.06666666666666667,0.06666666666666667,0.0,0.9912308989033523,-1.0,-1.0,0.7934092216042676,6.351550785166453,0.5369081103496763,0,0.021739130434782608,-1.0,0.0,383,307,2.0,2.0,-0.3030298371694537,0.5550724637681159,0.4449275362318841,-1.0
0.580000000000000,100,101,2,0.9900990099009901,0.0,0.0,0.0,0.9974015885677396,-1.0,-1.0,0.025042890850686544,-1.1114396846462014,1.0000000297255318,0,1.01,-1.0,0.0,53,47,-1.0,-1.0,0.000000002400000,0.53,0.47,-1.0
0.636000000000000,250,51,2,0.9803921568627451,0.0,0.0,0.0,0.9933418121880535,-1.0,-1.0,-0.011524763118539592,-1.1936719042348072,1.0000000282255685,0,0.204,-1.0,0.0,137,113,-1.0,-1.0,-0.000000004320000,0.548,0.452,-1.0
0.588235000000000,51,7,2,0.8571428571428571,0.0,0.0,0.0,0.9774178175281716,-1.0,-1.0,-0.07268154640097957,2.6226924759781896,103.74790758519096,0,0.13725490196078433,-1.0,0.0,30,21,-1.0,-1.0,657.2251633986928,0.5882352941176471,0.4117647058823529,-1.0
0.572000000000000,250,51,2,0.9803921568627451,0.0,0.0,0.0,0.9953784388202258,-1.0,-1.0,0.06251422912240218,-1.0630626614396734,1.000000029120172,0,0.204,-1.0,0.0,135,115,-1.0,-1.0,0.000000000240000,0.54,0.46,-1.0
0.660000000000000,500,11,2,0.9090909090909091,0.0,0.0,0.0,0.9933418121880535,-1.0,-1.0,-0.028581093794859326,-1.1530196512280293,1.0000000281679295,0,0.022,-1.0,0.0,274,226,-1.0,-1.0,0.000000002200000,0.548,0.452,-1.0
0.628000000000000,500,51,2,0.9803921568627451,0.0,0.0,0.0,0.9881489563064276,-1.0,-1.0,0.07843548743881765,-1.0676219042457986,1.000000027156966,0,0.102,-1.0,0.0,282,218,-1.0,-1.0,-0.000000002120000,0.564,0.436,-1.0
0.736559000000000,186,61,2,0.9836065573770492,0.0,0.0,0.0,0.9785423861930186,-1.0,-1.0,3.1302569135841916,17.446091807929953,0.17984737763109485,0,0.3279569892473118,-1.0,0.0,109,77,-1.0,-1.0,0.20417562724014357,0.5860215053763441,0.41397849462365593,-1.0
0.609195000000000,87,4,2,0.5,0.25,0.25,0.0,0.9722794620968821,-1.0,-1.0,1.4209661497131434,3.7097144598613463,47.37839066484019,0,0.04597701149425287,-1.0,0.0,52,35,2.0,2.0,76.41264367816092,0.5977011494252874,0.40229885057471265,-1.0
0.693617000000000,235,13,2,0.9230769230769231,0.0,0.0,0.0,0.9684069022981412,-1.0,-1.0,0.9788706120531687,0.6656189710546799,45.41032107675324,0,0.05531914893617021,-1.0,0.0,142,93,-1.0,-1.0,202.473085106383,0.6042553191489362,0.39574468085106385,-1.0
0.520833000000000,48,5,2,0.8,0.0,0.0,0.0,0.9987472979361686,-1.0,-1.0,-0.13189432957043545,-0.5165302084358372,4.047499213033218,0,0.10416666666666667,-1.0,0.0,25,23,-1.0,-1.0,8.620833333333334,0.5208333333333334,0.4791666666666667,-1.0
0.754639000000000,8192,9,2,0.8888888888888888,0.0,0.0,0.0,0.9999860693604421,-1.0,-1.0,-0.005738915485232355,-1.1948157119755534,0.9016094775370519,0,0.0010986328125,-1.0,0.0,4114,4078,-1.0,-1.0,0.0026571600494384785,0.502197265625,0.497802734375,-1.0
0.692308000000000,52,10,2,0.9,0.0,0.0,0.0,0.9957274520849256,-1.0,-1.0,-0.04254612283256983,-0.5045477624805107,4.572811302599425,0,0.19230769230769232,-1.0,0.0,28,24,-1.0,-1.0,10.034722222222221,0.5384615384615384,0.46153846153846156,-1.0
0.480769000000000,468,3,2,0.6666666666666666,0.0,0.0,0.0,0.993614428200075,-1.0,-1.0,0.0,-1.2192571051158734,8.804571582474022,0,0.00641025641025641,-1.0,0.0,256,212,-1.0,-1.0,1006.75,0.5470085470085471,0.452991452991453,-1.0
0.437956000000000,274,9,2,0.8888888888888888,0.0,0.0,0.0,0.9996540760494435,-1.0,-1.0,4.397701270787582,37.467400234540435,112.53756290426861,0,0.032846715328467155,-1.0,0.0,140,134,-1.0,-1.0,57.84899635036496,0.5109489051094891,0.48905109489051096,-1.0
0.897833000000000,323,5,2,0.8,0.0,0.0,0.0,0.9949536900383765,-1.0,-1.0,-0.14940959331618656,-0.6256871246458418,24.762093042673044,0,0.015479876160990712,-1.0,0.0,175,148,-1.0,-1.0,20.309022187306503,0.541795665634675,0.4582043343653251,-1.0
0.892308000000000,130,9,2,0.8888888888888888,0.0,0.0,0.0,0.41823656965418116,-1.0,-1.0,1.5057146324761417,3.2638619693640147,336.91079495271276,0,0.06923076923076923,-1.0,0.0,119,11,-1.0,-1.0,357.7903846153846,0.9153846153846154,0.08461538461538462,-1.0
0.630945000000000,8641,5,2,0.6,0.2,0.2,0.0,0.9927593693587449,0.2535645668176858,0.797754775489027,0.255865787765355,-0.7894144984450291,10.115507652577127,0,0.000578636731860,3.9152133195035246,0.0,4753,3888,2.0,2.0,17.852376846815567,0.5500520773058674,0.44994792269413264,2.1461603074163618
0.630556000000000,9517,7,2,0.8571428571428571,0.0,0.0,0.0,0.999977628330813,-1.0,-1.0,-0.01590267638521838,0.5769279756086442,5.10208095997647,0,0.000735525901019,-1.0,0.0,4785,4732,-1.0,-1.0,-2.098847795173549,0.5027844909110014,0.49721550908899864,-1.0
0.732000000000000,500,11,2,0.9090909090909091,0.0,0.0,0.0,0.9990649315776107,-1.0,-1.0,-0.030896374087372135,-1.184392480526701,1.0000000295201938,0,0.022,-1.0,0.0,259,241,-1.0,-1.0,-0.000000002400000,0.518,0.482,-1.0
0.620000000000000,250,26,2,0.9615384615384616,0.0,0.0,0.0,0.99093240356837,-1.0,-1.0,0.12161388193743765,-1.0112168726216262,1.0000000358910752,0,0.104,-1.0,0.0,139,111,-1.0,-1.0,0.000000000320000,0.556,0.444,-1.0
0.592000000000000,250,101,2,0.9900990099009901,0.0,0.0,0.0,0.9895875212220557,-1.0,-1.0,0.033423688698316543,-1.1403621111525442,1.000000029625123,0,0.404,-1.0,0.0,140,110,-1.0,-1.0,-0.000000003640000,0.56,0.44,-1.0
0.752000000000000,250,11,2,0.9090909090909091,0.0,0.0,0.0,0.9459534760689117,-1.0,-1.0,0.06598331171123983,-1.0156479233121243,1.000000021182796,0,0.044,-1.0,0.0,159,91,-1.0,-1.0,0.000000009600000,0.636,0.364,-1.0
0.843102000000000,1109,22,2,0.9545454545454546,0.0,0.0,0.0,0.3638001053192342,-1.0,-1.0,7.994062803593519,115.41046874761763,8678.609588564528,0,0.019837691614066726,-1.0,0.0,1032,77,-1.0,-1.0,1500.9949675812634,0.9305680793507665,0.06943192064923355,-1.0
0.898263000000000,403,38,2,0.9736842105263158,0.0,0.0,0.0,0.39124356362925566,-1.0,-1.0,2.5067958012695275,11.456463891147108,556.7656238748066,0,0.09429280397022333,-1.0,0.0,372,31,-1.0,-1.0,251.88784186171262,0.9230769230769231,0.07692307692307693,-1.0
0.722222000000000,36,30,2,0.9666666666666667,0.0,0.0,0.0,0.7642045065086203,-1.0,-1.0,2.074143899386351,5.398154206177217,2137.5258346550672,0,0.8333333333333334,-1.0,0.0,28,8,-1.0,-1.0,1162.2897061194453,0.7777777777777778,0.2222222222222222,-1.0
0.510000000000000,100,51,2,0.9803921568627451,0.0,0.0,0.0,0.9580420222262995,-1.0,-1.0,0.015211476875701086,-1.097549520458496,1.0000000246158736,0,0.51,-1.0,0.0,62,38,-1.0,-1.0,0.000000000800000,0.62,0.38,-1.0
0.851485000000000,101,30,2,0.9666666666666667,0.0,0.0,0.0,0.6061112071230007,-1.0,-1.0,2.7252922410247447,11.692494691818318,235.7261848957118,0,0.297029702970297,-1.0,0.0,86,15,-1.0,-1.0,119.25507340389213,0.8514851485148515,0.1485148514851485,-1.0
0.760000000000000,100,11,2,0.9090909090909091,0.0,0.0,0.0,0.9927744539878084,-1.0,-1.0,-0.07908825668387934,-1.2226640683991363,1.0000000212299436,0,0.11,-1.0,0.0,55,45,-1.0,-1.0,-0.000000004000000,0.55,0.45,-1.0
0.496979000000000,662,4,2,0.75,0.0,0.0,0.0,0.999973663916546,-1.0,-1.0,0.1143003866899781,0.040737341463859135,8.947933050819206,0,0.006042296072507553,-1.0,0.0,333,329,-1.0,-1.0,23.48797887613293,0.5030211480362538,0.49697885196374625,-1.0
0.355731000000000,768,9,2,0.8888888888888888,0.0,0.0,0.0,0.9331343166407831,-1.0,-1.0,0.5278678838100859,2.742037836789627,25.733742975451587,0,0.01171875,-1.0,0.0,500,268,-1.0,-1.0,44.98579117838541,0.6510416666666666,0.3489583333333333,-1.0
0.472050000000000,161,40,2,0.975,0.0,0.0,0.0,0.9075941654188298,-1.0,-1.0,2.46250652961666,8.782477392949671,4006.826216136736,0,0.2484472049689441,-1.0,0.0,109,52,-1.0,-1.0,1526.550654562829,0.6770186335403726,0.32298136645962733,-1.0
0.302368000000000,8192,13,2,0.9230769230769231,0.0,0.0,0.0,0.8841664897438648,-1.0,-1.0,5.073065780561607,77.01177143256311,67245.74837715033,0,0.0015869140625,-1.0,0.0,5715,2477,-1.0,-1.0,135460.4337241618,0.6976318359375,0.3023681640625,-1.0
0.871401000000000,1563,38,2,0.9736842105263158,0.0,0.0,0.0,0.47645497142532245,-1.0,-1.0,10.311114688425015,238.0321756131529,10334.503124329434,0,0.02431222008957134,-1.0,0.0,1403,160,-1.0,-1.0,1008.145867268419,0.8976327575175944,0.10236724248240563,-1.0
0.305568500000000,349,45,2,0.9555555555555556,0.022222222222222223,0.022222222222222223,0.0,0.8446127584974168,-1.0,-1.0,-1.8212108455763172,5.760537653672694,9.200420437296906,0,0.12893982808022922,-1.0,0.0,254,95,2.0,2.0,65.34290664356632,0.7277936962750716,0.2722063037249284,-1.0
0.100000000000000,2000,7,2,0.8571428571428571,0.0,0.0,0.0,0.4689955935892812,-1.0,-1.0,0.5310356061538625,-0.5391267998200641,630.907082513923,0,0.0035,-1.0,0.0,1800,200,-1.0,-1.0,1052.6997315742508,0.9,0.1,-1.0
0.792023000000000,351,35,2,0.9714285714285714,0.0,0.0,0.0,0.9418285354475157,-1.0,-1.0,-0.564050860251445,0.31975599543954963,0.5104205012204399,0,0.09971509971509972,-1.0,0.0,225,126,-1.0,-1.0,0.24769699765376232,0.6410256410256411,0.358974358974359,-1.0
0.513420000000000,2310,20,2,0.95,0.0,0.0,0.0,0.5916727785823275,-1.0,-1.0,3.1434475890113234,36.391584177050824,25.314714480723204,0,0.008658008658008658,-1.0,0.0,1980,330,-1.0,-1.0,24.633144133606745,0.8571428571428571,0.14285714285714285,-1.0
0.732000000000000,250,6,2,0.8333333333333334,0.0,0.0,0.0,0.9895875212220557,-1.0,-1.0,0.07543953121847305,-1.0030449301760396,1.0000000221327165,0,0.024,-1.0,0.0,140,110,-1.0,-1.0,0.000000002400000,0.56,0.44,-1.0
0.672000000000000,250,26,2,0.9615384615384616,0.0,0.0,0.0,0.99093240356837,-1.0,-1.0,0.03927108562329118,-1.15218793279471,1.0000000290123645,0,0.104,-1.0,0.0,139,111,-1.0,-1.0,0.000000003040000,0.556,0.444,-1.0
0.613636000000000,44,4,2,0.75,0.0,0.0,0.0,0.9624127354629923,-1.0,-1.0,0.2821022823801615,-1.0495825848852558,10.866984225136997,0,0.09090909090909091,-1.0,0.0,27,17,-1.0,-1.0,35.01577677272727,0.6136363636363636,0.38636363636363635,-1.0
0.698413000000000,63,30,2,0.9666666666666667,0.0,0.0,0.0,0.5491087450260073,-1.0,-1.0,2.440192888047334,7.838991893181499,2669.015554060003,0,0.47619047619047616,-1.0,0.0,55,8,-1.0,-1.0,1335.0996763517785,0.873015873015873,0.12698412698412698,-1.0
0.407104000000000,8192,9,2,0.8888888888888888,0.0,0.0,0.0,0.9730662661337471,-1.0,-1.0,0.46929371030543654,0.695349178427348,1.0827400496945228,0,0.0010986328125,-1.0,0.0,4885,3307,-1.0,-1.0,1.6544252105865458,0.5963134765625,0.4036865234375,-1.0
0.165517000000000,145,95,2,0.9894736842105263,0.0,0.0,0.0,0.30797532887291956,-1.0,-1.0,2.4606117403377907,11.488275146075903,2999.2874289113674,0,0.6551724137931034,-1.0,0.0,137,8,-1.0,-1.0,1290.4663028382242,0.9448275862068966,0.05517241379310345,-1.0
0.680000000000000,250,6,2,0.8333333333333334,0.0,0.0,0.0,0.9881489563064276,-1.0,-1.0,0.41645391391078046,-0.26084798084775207,1.0000000201221162,0,0.024,-1.0,0.0,141,109,-1.0,-1.0,0.000000012000000,0.564,0.436,-1.0
0.583654000000000,208,61,2,0.9836065573770492,0.0,0.0,0.0,0.9967295890208367,-1.0,-1.0,0.9579194598521502,2.168735732787053,0.14223782700500706,0,0.2932692307692308,-1.0,0.0,111,97,-1.0,-1.0,0.28132129006410267,0.5336538461538461,0.46634615384615385,-1.0
0.616205000000000,3468,785,2,0.9987261146496815,0.0,0.0,0.0,0.9997982272095376,-1.0,-1.0,9.156912055328664,336.9393653457347,49.106473287481045,0,0.22635524798154555,-1.0,0.0,1763,1705,-1.0,-1.0,33.46168062813361,0.5083621683967705,0.49163783160322955,-1.0
0.634000000000000,500,26,2,0.9615384615384616,0.0,0.0,0.0,0.9866165198488093,-1.0,-1.0,0.12314779830303013,-0.9776425499694207,1.0000000282733426,0,0.052,-1.0,0.0,284,216,-1.0,-1.0,-0.000000004400000,0.568,0.432,-1.0
0.928030000000000,264,5,2,0.6,0.2,0.2,0.0,0.3732315518923251,0.04177378642701468,0.9486738067246727,-0.0706793848007397,0.3202581162631484,8.880406910037232,0,0.01893939393939394,8.93458754437831,0.0,245,19,2.0,2.0,22.790694444444455,0.928030303030303,0.07196969696969698,21.70978735389845
0.616000000000000,250,11,2,0.9090909090909091,0.0,0.0,0.0,0.9953784388202258,-1.0,-1.0,0.19681324380363718,-0.5646577082871249,1.0000000309097075,0,0.044,-1.0,0.0,135,115,-1.0,-1.0,-0.000000003600000,0.54,0.46,-1.0
0.344273000000000,4601,58,2,0.9827586206896551,0.0,0.0,0.0,0.9673602371807668,-1.0,-1.0,11.181776397008711,240.85369858253003,15.193997694546765,0,0.012605955227124538,-1.0,0.0,2788,1813,-1.0,-1.0,6.150770191072117,0.6059552271245382,0.39404477287546186,-1.0
0.501410500000000,345,7,,0.8571428571428571,0.0,0.0,0.0,,,,1.6788305211872714,6.431568570398066,15.827503400802184,0,0.020289855072463767,,0.0,,,-1.0,-1.0,42.80289855072463,,,
0.398876000000000,178,14,2,0.9285714285714286,0.0,0.0,0.0,0.970289537540807,-1.0,-1.0,0.346234020909875,-0.04366711722554965,26.17778523132609,0,0.07865168539325842,-1.0,0.0,107,71,-1.0,-1.0,69.13366292091617,0.601123595505618,0.398876404494382,-1.0
0.322266000000000,8192,33,2,0.9696969696969697,0.0,0.0,0.0,0.8936632139657559,-1.0,-1.0,0.6204157620346683,0.9360504077335875,0.9675910714133944,0,0.0040283203125,-1.0,0.0,5649,2543,-1.0,-1.0,1.2014580029029842,0.6895751953125,0.3104248046875,-1.0
0.518127000000000,662,4,2,0.75,0.0,0.0,0.0,0.9987091547244376,-1.0,-1.0,0.13944484529536597,0.000793633528367,7.532171265912148,0,0.006042296072507553,-1.0,0.0,345,317,-1.0,-1.0,23.42897575981874,0.5211480362537765,0.4788519637462236,-1.0
0.263804000000000,163,6,2,0.5,0.3333333333333333,0.3333333333333333,0.0,0.8665718875829345,0.09327113717525187,0.9684827259788388,1.1576944713649495,3.5064522033191836,78.1304471167486,0,0.03680981595092025,9.290890127721811,0.0,116,47,2.0,2.0,82.04993061349694,0.7116564417177914,0.2883435582822086,9.383520082521429
0.534264000000000,5589,37,2,0.972972972972973,0.0,0.0,0.0,0.03853718088787195,-1.0,-1.0,17.144694345951944,681.3146972709127,840.5525122475997,0,0.006620146716765074,-1.0,0.0,5566,23,-1.0,-1.0,80.89554874654591,0.9958847736625515,0.00411522633744856,-1.0
0.469351000000000,7129,6,2,0.8333333333333334,0.0,0.0,0.0,0.9972877951195075,-1.0,-1.0,0.11325013788730247,0.4966709104414363,0.0059039060683258385,0,0.000841632767569,-1.0,0.0,3783,3346,-1.0,-1.0,0.0029725156403423124,0.5306494599523075,0.4693505400476925,-1.0
0.526201000000000,458,40,2,0.975,0.0,0.0,0.0,0.44931097622048255,-1.0,-1.0,3.0875963602953256,18.666164211480073,1244.9923289626026,0,0.08733624454148471,-1.0,0.0,415,43,-1.0,-1.0,395.49464113761036,0.9061135371179039,0.09388646288209607,-1.0
0.663158000000000,380,3,2,0.6666666666666666,0.0,0.0,0.0,0.9995003941817588,-1.0,-1.0,0.04562237813742627,-0.9158852499097736,2.084790874075602,0,0.007894736842105263,-1.0,0.0,195,185,-1.0,-1.0,46.17631578947368,0.5131578947368421,0.4868421052631579,-1.0
0.588785000000000,107,30,2,0.9666666666666667,0.0,0.0,0.0,0.6949749673676273,-1.0,-1.0,3.294663048244964,17.28259306294138,1490.8075318664817,0,0.2803738317757009,-1.0,0.0,87,20,-1.0,-1.0,594.8054013132771,0.8130841121495327,0.18691588785046728,-1.0
0.863095000000000,336,8,2,0.875,0.0,0.0,0.0,0.9839667997071854,-1.0,-1.0,3.5840397334986394,51.02671595481116,0.14372869668428892,0,0.023809523809523808,-1.0,0.0,193,143,-1.0,-1.0,0.49956632653061206,0.5744047619047619,0.4255952380952381,-1.0
0.714478000000000,8192,9,2,0.8888888888888888,0.0,0.0,0.0,0.9997770990046065,-1.0,-1.0,-0.0024231021667260786,-1.1910691941983163,0.9052814137850993,0,0.0010986328125,-1.0,0.0,4168,4024,-1.0,-1.0,0.002472783554077146,0.5087890625,0.4912109375,-1.0
0.718400000000000,625,7,2,0.8571428571428571,0.0,0.0,0.0,0.999953833266239,-1.0,-1.0,1.4169345750687246,10.115868198102076,99.45155210477371,0,0.0112,-1.0,0.0,315,310,-1.0,-1.0,388.3489706666667,0.504,0.496,-1.0
0.550000000000000,60,8,2,0.75,0.125,0.125,0.0,0.9927744539878084,0.000809750810896,1.0,-0.6981778050186676,0.3923150558765713,16.184810790447923,0,0.13333333333333333,1226.0246493474551,0.0,33,27,2.0,2.0,67.6997222222222,0.55,0.45,1233.9478216554826
0.743243000000000,222,3,2,0.6666666666666666,0.0,0.0,0.0,0.968803551208558,-1.0,-1.0,-0.3272551439196101,-1.4442496601508115,4.473282614206571,0,0.013513513513513514,-1.0,0.0,134,88,-1.0,-1.0,7.936711711711712,0.6036036036036037,0.3963963963963964,-1.0
0.630000000000000,100,6,2,0.8333333333333334,0.0,0.0,0.0,0.9895875212220557,-1.0,-1.0,0.325208048264089,-0.3599084108104119,1.0000000242101796,0,0.06,-1.0,0.0,56,44,-1.0,-1.0,-0.000000010000000,0.56,0.44,-1.0
0.500000000000000,62,6,2,0.8333333333333334,0.0,0.0,0.0,1.0,-1.0,-1.0,-0.10777265651972931,-0.04280430830020308,11.714103029452037,0,0.0967741935483871,-1.0,0.0,31,31,-1.0,-1.0,88.09354838709677,0.5,0.5,-1.0
0.833333000000000,120,3,2,0.6666666666666666,0.0,0.0,0.0,0.99819587904281,-1.0,-1.0,0.0,-1.2353418803418799,24.54344424998079,0,0.025,-1.0,0.0,63,57,-1.0,-1.0,11.25,0.525,0.475,-1.0
0.407500000000000,400,7,2,0.8571428571428571,0.0,0.0,0.0,0.9777945702913884,-1.0,-1.0,3.597727268730127,21.15754417330303,6.473533996263012,0,0.0175,-1.0,0.0,235,165,-1.0,-1.0,10.875032583333331,0.5875,0.4125,-1.0
0.567568000000000,111,4,2,0.75,0.0,0.0,0.0,0.9985358500505679,-1.0,-1.0,0.17811262224651772,-0.15680116278078193,44.6527466229285,0,0.036036036036036036,-1.0,0.0,58,53,-1.0,-1.0,101.56456456456458,0.5225225225225225,0.4774774774774775,-1.0
0.486316000000000,950,10,2,0.9,0.0,0.0,0.0,0.9994596212552502,-1.0,-1.0,-0.018724207911753183,-0.7829036847407509,7.14645089823358,0,0.010526315789473684,-1.0,0.0,488,462,-1.0,-1.0,41.01183473684211,0.5136842105263157,0.4863157894736842,-1.0
